PDB ID,MET Residue,MET Residue,Distance (Å)
2P2L,M1,M45,7.811752
2P2L,M1,M45,8.054755
2IC5,M1,M45,8.907392
2IC5,M1,M45,9.390423
1RYF,M1,M45,8.669852
1RYF,M1,M1,6.8995676
1RYF,M1,M45,7.944638
1RYH,M1,M45,9.7180395
1RYH,M1,M1,6.3932858
1RYH,M1,M45,9.186269
2W2V,M1,M45,9.646248
5VCU,M171,M171,9.374691
5VCU,M162,M162,0.25793973
