PDB ID/Residue Pair,Distance (Å)
3TH5 W56-Y40,9.12875
3TH5 W97-Y72,7.8552237
3TH5 W56-Y40,8.801904
3TH5 W97-Y72,7.96682
5N6O W56-Y40,8.655249
5N6O W97-Y72,7.737517
5N6O W56-Y40,9.246345
5N6O W97-Y72,7.87598
2P2L W56-Y32,9.542844
2P2L W56-Y32,9.361298
2P2L W56-Y32,9.522686
4GZM W56-Y40,8.98907
4GZM W97-Y72,8.059031
4GZM W56-Y40,8.9877405
4GZM W97-Y72,8.056281
3SBD W56-Y40,9.190269
3SBD W97-Y72,7.78346
3SBD W56-Y40,9.011582
3SBD W97-Y72,7.746961
3SBE W56-Y40,8.933438
3SBE W97-Y72,8.1402445
4GZL W56-Y40,8.782998
4GZL W97-Y72,7.6867576
4GZL W56-Y40,8.557781
4GZL W97-Y72,7.620056
2C2H W56-Y40,8.718617
2C2H W97-Y72,7.939832
2C2H W56-Y40,8.631047
2C2H W97-Y72,7.957894
2IC5 W56-Y40,8.725223
2IC5 W97-Y72,8.017606
2IC5 W56-Y40,9.074735
2IC5 W97-Y72,7.9266996
6AGP W56-Y40,4.1630955
6AGP W97-Y72,7.824556
1RYF W56-Y40,9.127683
1RYF W56-Y40,9.183066
1RYH W56-Y40,9.244199
1RYH W56-Y40,9.205941
2W2T W56-Y40,8.642021
2W2T W97-Y72,8.143797
2W2V W56-Y40,8.609928
2W2V W97-Y72,7.885983
2W2V W56-Y40,8.622597
2W2V W97-Y72,8.087075
2W2V W56-Y40,8.581937
2W2V W97-Y72,8.000511
2W2V W56-Y40,8.338072
2W2V W97-Y72,8.008499
5VCU W97-Y72,8.190023
5VCU W97-Y72,8.081006
