PDB ID,TRP Residue,MET Residue,Distance (Å)
3TH5,W97,M145,9.1726675
3TH5,W97,M145,9.206303
5N6O,W97,M145,9.154163
5N6O,W97,M145,9.17166
2P2L,W97,M145,8.949284
2P2L,W97,M145,8.993303
2P2L,W97,M145,8.943305
4GZM,W97,M145,9.440041
4GZM,W97,M145,9.470367
3SBD,W97,M145,9.248231
3SBD,W97,M145,9.245586
3SBE,W97,M145,8.961654
4GZL,W97,M145,9.366581
4GZL,W97,M145,9.23876
2C2H,W97,M145,9.016931
2C2H,W97,M145,9.023626
2IC5,W97,M145,9.197114
2IC5,W97,M145,9.172434
6AGP,W97,M145,9.728541
1RYF,W116,M164,9.292296
1RYF,W116,M164,9.220454
1RYH,W116,M164,9.386126
1RYH,W116,M164,9.38698
5VCU,W97,M145,8.900288
5VCU,W97,M145,8.909867
