PDB ID/Residue Pair,Distance (Å)
1GRN W97-M1,30.852322
1GRN W97-M45,34.805855
1GRN W97-M322,26.602533
1GRN W97-M410,21.027624
1GRN W425-M1,37.823566
1GRN W425-M45,44.5358
1GRN W425-M322,29.339098
1GRN W425-M410,20.663733
2NGR W97-M1,31.137943
2NGR W97-M45,35.11003
2NGR W97-M322,27.690437
2NGR W97-M410,21.266039
2NGR W425-M1,37.865376
2NGR W425-M45,44.698803
2NGR W425-M322,29.735157
2NGR W425-M410,20.798195
2QRZ W97-M1,31.98534
2QRZ W97-M45,34.42151
2QRZ W97-M1,33.040005
2QRZ W97-M45,24.721056
2QRZ W97-M1,32.837086
2QRZ W97-M45,24.454477
2QRZ W97-M1,32.11004
2QRZ W97-M45,34.496098
1A4R W97-M1,32.046783
1A4R W97-M45,34.008114
1A4R W97-M201,32.825138
1A4R W97-M245,24.719574
1A4R W297-M1,33.052017
1A4R W297-M45,24.264334
1A4R W297-M201,31.646101
1A4R W297-M245,33.872524
1AJE W97-M1,31.444885
1AJE W97-M45,32.608295
2KB0 W97-M1,31.884075
2KB0 W97-M45,37.683098
2ASE W97-M1,31.665453
2ASE W97-M45,36.561123
