PDB ID/Residue Pair,Distance (Å)
1GRN W97-Y72,7.983786
2NGR W97-Y72,8.132909
1AN0 W97-Y72,8.02177
1AN0 W97-Y72,8.0122175
2QRZ W97-Y72,8.224639
2QRZ W97-Y72,8.518816
1A4R W97-Y72,7.9479427
