PDB ID/Residue Pair,Distance (Å)
1FTN W99-Y74,7.682511
5C4M W99-Y74,7.7724314
3TVD W99-Y74,7.5975957
3TVD W99-Y74,7.5608478
7QSC W58-Y42,9.249063
7QSC W99-Y74,7.5914516
8GI3 W99-Y74,7.8429074
8GI6 W99-Y74,7.7084074
6V6M W99-Y74,7.6740527
6V6U W99-Y74,7.637608
8FPW W99-Y74,7.6052265
8FPX W99-Y74,7.6934795
4XOI W58-Y42,9.040559
4XOI W99-Y74,7.8201165
4XOI W58-Y42,8.857684
4XOI W99-Y74,7.8639374
5EZ6 W99-Y74,7.503454
6V6V W99-Y74,7.683304
1A2B W58-Y42,8.883362
1A2B W99-Y74,8.032406
1KMQ W58-Y42,9.236918
1KMQ W99-Y74,7.6403794
2GCO W99-Y74,7.6420097
2GCO W99-Y74,7.809649
2GCP W58-Y42,8.871805
2GCP W99-Y74,7.6904073
2GCN W99-Y74,7.667525
1DPF W99-Y74,7.462142
6KX2 W99-Y74,7.5844784
7WZA W99-Y74,7.736819
7WZC W99-Y74,7.7935
6HXU W58-Y42,7.873266
6HXU W99-Y74,7.5940604
8ETD W99-Y74,7.864736
8ETD W99-Y74,7.924548
2FV8 W99-Y74,7.6277585
6JIK W58-Y42,8.922999
6JIK W99-Y74,7.7243266
5ZVP W99-Y74,8.0167675
