PDB ID/Residue Pair,Distance (Å)
1FTN W99-M82,5.6201434
1FTN W99-M147,9.547541
5C4M W99-M82,5.652219
5C4M W99-M147,9.559152
3TVD W99-M82,5.3975377
3TVD W99-M147,9.493601
3TVD W99-M82,5.380381
3TVD W99-M147,9.510739
7QSC W99-M82,5.5790405
7QSC W99-M147,9.603355
8GI3 W99-M82,5.612864
8GI3 W99-M147,9.479992
8GI6 W99-M82,5.6082983
8GI6 W99-M147,9.462873
6V6M W99-M82,5.51773
6V6M W99-M147,9.609797
6V6U W99-M82,5.619218
6V6U W99-M147,9.447734
8FPW W99-M82,5.6027555
8FPW W99-M147,9.445423
8FPX W99-M82,5.6468463
8FPX W99-M147,9.501739
4XOI W99-M82,5.814793
4XOI W99-M147,9.618919
4XOI W99-M82,5.7863197
4XOI W99-M147,9.655664
5EZ6 W99-M82,5.6317477
5EZ6 W99-M147,9.616951
6V6V W99-M82,5.6622434
6V6V W99-M147,9.484225
1A2B W99-M82,5.957141
1KMQ W99-M82,5.674473
1KMQ W99-M147,9.576748
2GCO W99-M82,5.60848
2GCO W99-M147,9.577455
2GCO W99-M82,5.6172323
2GCO W99-M147,9.556618
2GCP W99-M82,5.6521597
2GCP W99-M147,9.435329
2GCN W99-M82,5.5936675
2GCN W99-M147,9.604026
1DPF W99-M82,5.6059747
1DPF W99-M147,9.606686
6KX2 W99-M82,5.72858
6KX2 W99-M147,9.63177
6KX3 W99-M82,5.696832
6KX3 W99-M147,9.662704
7WZA W99-M82,5.620542
7WZA W99-M147,9.601584
7WZC W99-M82,5.6334696
7WZC W99-M147,9.649957
6HXU W99-M82,5.753423
6HXU W99-M147,9.662548
2FV8 W99-M82,5.787413
2FV8 W99-M147,9.695165
